,Baseline Model,Model 2 - PCA,Non-Linear Autoencoder,Keras Tuned Autoencoder
Accuracy,0.888,0.925,0.942,0.939
Precision,0.9108061749571184,0.967391304347826,0.9944341372912802,0.9907407407407407
